[{"D:\\FrontEndStudy\\document\\Sublimetext\\docs\\01-\ud504\ub85c\uadf8\ub7a8-\uc124\uce58.md": "UTF-8"}, {"D:\\FrontEndStudy\\README.md": "UTF-8"}, {"D:\\demuncode\\blog\\docs\\markdown\\console\\1_\ucf58\uc194\uba85\ub839\uc5b4.md": "UTF-8"}, {"D:\\demuncode\\blog\\docs\\markdown\\console\\# \ucc38\uace0 \ub2e8\ucd95\ud0a4.md": "UTF-8"}, {"D:\\demuncode\\blog\\html\\markdown\\console\\1_\ucf58\uc194\uba85\ub839\uc5b4.html": "UTF-8"}, {"D:\\demuncode\\blog\\html\\markdown\\console\\# \ucc38\uace0 \ub2e8\ucd95\ud0a4.html": "UTF-8"}, {"D:\\FrontEndStudy\\document\\Sublimetext\\README.md": "UTF-8"}, {"D:\\FrontEndStudy\\document\\Sublimetext\\docs\\104_Mastering-Markdown.md": "UTF-8"}, {"D:\\FrontEndStudy\\document\\Sublimetext\\docs\\103_Writing-on-Github.md": "UTF-8"}, {"D:\\FrontEndStudy\\document\\Sublimetext\\docs\\102_Github-Flavored-Markdown.md": "UTF-8"}, {"D:\\FrontEndStudy\\document\\Sublimetext\\docs\\101_Markdown-Basics.md": "UTF-8"}, {"D:\\FrontEndStudy\\document\\Sublimetext\\docs\\04-\uc0ac\uc6a9\ud301.md": "UTF-8"}, {"D:\\FrontEndStudy\\document\\Sublimetext\\docs\\03-\ud658\uacbd\uc124\uc815.md": "UTF-8"}, {"D:\\FrontEndStudy\\document\\Sublimetext\\docs\\02-\ud50c\ub7ec\uadf8\uc778-\uc124\uce58.md": "UTF-8"}, {"D:\\FrontEndStudy\\document\\Github\\README.md": "UTF-8"}, {"D:\\FrontEndStudy\\document\\Github\\docs\\01-git-\uc124\uce58.md": "UTF-8"}, {"D:\\FrontEndStudy\\document\\Github\\docs\\02-github-\ud68c\uc6d0\uac00\uc785.md": "UTF-8"}, {"D:\\FrontEndStudy\\document\\Github\\docs\\03-ssh-keygen-\ub4f1\ub85d.md": "UTF-8"}, {"D:\\FrontEndStudy\\document\\Github\\docs\\04-\uc800\uc7a5\uc18c-\ub9cc\ub4e4\uae30.md": "UTF-8"}, {"D:\\FrontEndStudy\\document\\Github\\docs\\05-\uc21c\ud658\uad6c\uc870.md": "UTF-8"}, {"D:\\FrontEndStudy\\document\\Github\\docs\\07-\ud611\uc5c5\ud558\uae30.md": "UTF-8"}, {"D:\\FrontEndStudy\\document\\Github\\docs\\08-git-\uba85\ub839\uc5b4.md": "UTF-8"}, {"D:\\FrontEndStudy\\document\\Github\\docs\\06-add-commit-pull-push.md": "UTF-8"}, {"C:\\Users\\hjm\\AppData\\Roaming\\Sublime Text 3\\Packages\\User\\Preferences.sublime-settings": "ASCII"}, {"D:\\demuncode\\blog\\index.html": "UTF-8"}, {"D:\\FrontEndStudy\\.gitignore": "ASCII"}, {"D:\\demuncode\\blog\\docs\\markdown\\Git\\git_\uba85\ub839\uc5b4.md": "UTF-8"}, {"D:\\demuncode\\blog\\docs\\markdown\\Git\\1_git\uba85\ub839\uc5b4.md": "UTF-8"}, {"D:\\demuncode\\blog\\docs\\markdown\\Git\\\ud55c\uae00\ubb38\uc81c\ud574\uacb0.md": "UTF-8"}, {"D:\\FrontEndStudy\\document\\Javascript\\README.md": "UTF-8"}, {"D:\\FrontEndStudy\\document\\\uc2a4\ud130\ub514\uc18c\uac1cmd": "UTF-8"}, {"D:\\demun-template\\app\\html\\docs\\category1\\page-01.html": "ASCII"}, {"D:\\demun-template\\Gruntfile.js": "UTF-8"}, {"D:\\demun-template\\demun-template.sublime-project": "ASCII"}, {"D:\\demun-template\\.gitignore": "UTF-8"}, {"D:\\FrontEndStudy\\document\\Github\\docs\\05_\ub85c\uceec\uc800\uc7a5\uc18c\uc640_\ub3d9\uae30\ud654_\uc2dc\ud0a4\uae30.md": "UTF-8"}, {"D:\\FrontEndStudy\\document\\Github\\docs\\01_git_\uc124\uce58.md": "UTF-8"}, {"D:\\FrontEndStudy\\document\\Github\\docs\\02_github_\ud68c\uc6d0\uac00\uc785.md": "UTF-8"}, {"C:\\Users\\hjm\\.ssh\\github_rsa.pub": "ASCII"}, {"D:\\FrontEndStudy\\document\\Github\\docs\\04_\uc800\uc7a5\uc18c_\ub9cc\ub4e4\uae30.md": "UTF-8"}, {"D:\\FrontEndStudy\\document\\Github\\docs\\03_ssh-keygen_\ub4f1\ub85d.md": "UTF-8"}, {"D:\\FrontEndStudy\\document\\Jquery\\README.md": "UTF-8"}, {"D:\\demuncode\\\ud504\ub860\ud2b8\uc5d4\ub4dc\uc2a4\ud130\ub514\\\uc2a4\ud130\ub514\uc18c\uac1cmd": "UTF-8"}, {"D:\\demuncode\\\ud504\ub860\ud2b8\uc5d4\ub4dc\uc2a4\ud130\ub514\\Sublimetext\\README.md": "UTF-8"}, {"D:\\demuncode\\\ud504\ub860\ud2b8\uc5d4\ub4dc\uc2a4\ud130\ub514\\Jquery\\README.md": "UTF-8"}, {"D:\\demuncode\\\ud504\ub860\ud2b8\uc5d4\ub4dc\uc2a4\ud130\ub514\\Javascript\\README.md": "UTF-8"}, {"D:\\demuncode\\\ud504\ub860\ud2b8\uc5d4\ub4dc\uc2a4\ud130\ub514\\Github\\README.md": "UTF-8"}, {"D:\\FrontEndStudy\\document\\Github\\docs\\05_\ub85c\uceec\uc800\uc7a5\uc18c\uc640 \ub3d9\uae30\ud654 \uc2dc\ud0a4\uae30.md": "UTF-8"}, {"D:\\FrontEndStudy\\document\\Github\\docs\\04_\uc800\uc7a5\uc18c \ub9cc\ub4e4\uae30.md": "UTF-8"}, {"D:\\FrontEndStudy\\docs\\Github\\README.md": "UTF-8"}, {"D:\\FrontEndStudy\\docs\\Sublimetext\\README.md": "UTF-8"}, {"D:\\demun.github.com\\README.md": "UTF-8"}, {"D:\\demuncode\\READMD.md": "UTF-8"}, {"D:\\demun.github.com\\stylesheets\\stylesheet.css": "ASCII"}, {"D:\\demun.github.com\\stylesheets\\pygment_trac.css": "ASCII"}, {"D:\\demun.github.com\\javascripts\\main.js": "ASCII"}, {"D:\\demun.github.com\\params.json": "UTF-8"}, {"D:\\demun.github.com\\index.html": "UTF-8"}, {"D:\\demun.github.com\\.gitignore": "UTF-8"}, {"D:\\demuncode\\.gitignore": "UTF-8"}, {"D:\\demuncode\\\ub530\ub77c\ud558\uba70\ubc30\uc6b0\ub294HTML5_2013_08_31\\02\\source\\aquaButton.html": "UTF-8"}, {"D:\\demuncode\\\ub530\ub77c\ud558\uba70\ubc30\uc6b0\ub294HTML5_2013_08_31\\01_crossbrowsing\\01_shadowpanel.html": "UTF-8"}, {"D:\\demuncode\\\ub530\ub77c\ud558\uba70\ubc30\uc6b0\ub294HTML5_2013_08_31\\01\\3_source\\step_01.html": "UTF-8"}, {"D:\\demuncode\\\ub530\ub77c\ud558\uba70\ubc30\uc6b0\ub294HTML5_2013_08_31\\01\\2_study\\2_2_2_border\\01_border_radius.html": "ASCII"}, {"D:\\FrontEndStudy\\\uc2a4\ud130\ub514\uc18c\uac1cmd": "UTF-8"}, {"C:\\Users\\hjm\\Documents\\\uce74\uce74\uc624\ud1a1 \ubc1b\uc740 \ud30c\uc77c\\\uc6d0\uc7ac\uc774\uc0ac.txt": "UTF-8"}, {"C:\\Users\\hjm\\Documents\\\uce74\uce74\uc624\ud1a1 \ubc1b\uc740 \ud30c\uc77c\\\uc6d0\uc6b0\uc774\uc0ac.txt": "UTF-8"}, {"D:\\FrontEndStudy\\Github\\README.md": "UTF-8"}, {"D:\\FrontEndStudy\\Github\\md\\05_\ub85c\uceec\uc800\uc7a5\uc18c\uc640 \ub3d9\uae30\ud654 \uc2dc\ud0a4\uae30.md": "UTF-8"}, {"D:\\FrontEndStudy\\Github\\md\\04_\uc800\uc7a5\uc18c \ub9cc\ub4e4\uae30.md": "UTF-8"}, {"D:\\demuncode\\jquery_2_ddandongne.com\\1_js_dom\\2_keypoint\\1_element\\key1_document_getElementsTagName.html": "UTF-8"}, {"D:\\demuncode\\javascript_jquery_\uc785\ubb38\\example\\\uc608\uc81c\uc790\ub8cc\\chapter2\\01\uc7a5\\09_odd_\ud544\ud130\uc140\ub809\ud130.html": "UTF-8"}, {"D:\\demuncode\\javascript_jquery_\uc785\ubb38\\example\\\uc608\uc81c\uc790\ub8cc\\chapter2\\01\uc7a5\\01_\uc544\uc774\ub514\ub85c_\uc5d8\ub9ac\uba3c\ud2b8\ucc3e\uae30.html": "UTF-8"}, {"D:\\demuncode\\javascript_jquery_\uc785\ubb38\\example\\\uc608\uc81c\uc790\ub8cc\\chapter1\\02\uc7a5\\02_\uad6c\uad6c\ub2e8_\ucd9c\ub825\ud558\uae30.html": "UTF-8"}, {"D:\\demuncode\\javascript_jquery_\uc785\ubb38\\example\\\uc608\uc81c\uc790\ub8cc\\chapter1\\02\uc7a5\\01_\ud568\uc218\ub97c\uc774\uc6a9\ud558\uc5ec_\ud640\uc218\uc9dd\uc218_\uc54c\uc544\ub0b4\uae30.html": "UTF-8"}, {"D:\\demuncode\\\ub530\ub77c\ud558\uba70\ubc30\uc6b0\ub294HTML5_2013_08_31\\04_crossbrowsing\\tablayout4.html": "UTF-8"}, {"D:\\demuncode\\\ub530\ub77c\ud558\uba70\ubc30\uc6b0\ub294HTML5_2013_08_31\\03_crossbrowsing\\03_banner_crossbrowser.html": "UTF-8"}, {"D:\\demuncode\\\ub530\ub77c\ud558\uba70\ubc30\uc6b0\ub294HTML5_2013_08_31\\02_crossbrowsing\\aquaButton.html": "UTF-8"}, {"D:\\demuncode\\\ub530\ub77c\ud558\uba70\ubc30\uc6b0\ub294HTML5_2013_08_31\\01\\3_source - 1\\step_01.html": "UTF-8"}, {"D:\\demuncode\\\ub530\ub77c\ud558\uba70\ubc30\uc6b0\ub294HTML5_2013_08_31\\01\\3_source\\step_21_origin.html": "UTF-8"}, {"D:\\demuncode\\\ub530\ub77c\ud558\uba70\ubc30\uc6b0\ub294HTML5_2013_08_31\\01\\3_source\\step_21.html": "UTF-8"}, {"D:\\demuncode\\\ub530\ub77c\ud558\uba70\ubc30\uc6b0\ub294HTML5_2013_08_31\\01\\3_source\\step_28.html": "UTF-8"}, {"D:\\demuncode\\\ub530\ub77c\ud558\uba70\ubc30\uc6b0\ub294HTML5_2013_08_31\\01\\3_source\\step_05.html": "UTF-8"}, {"D:\\demuncode\\\ub530\ub77c\ud558\uba70\ubc30\uc6b0\ub294HTML5_2013_08_31\\01\\3_source\\step_04.html": "UTF-8"}, {"D:\\demuncode\\\ub530\ub77c\ud558\uba70\ubc30\uc6b0\ub294HTML5_2013_08_31\\01\\3_source\\step_03.html": "UTF-8"}, {"D:\\demuncode\\\ub530\ub77c\ud558\uba70\ubc30\uc6b0\ub294HTML5_2013_08_31\\01\\3_source\\step_02.html": "UTF-8"}, {"D:\\demuncode\\\ub530\ub77c\ud558\uba70\ubc30\uc6b0\ub294HTML5_2013_08_31\\01\\2_study\\2_2_3_border\\01_border_radius.html": "UTF-8"}, {"D:\\demuncode\\\ub530\ub77c\ud558\uba70\ubc30\uc6b0\ub294HTML5_2013_08_31\\01\\2_study\\2_2_2_border\\03_border_radius.html": "ASCII"}, {"D:\\demuncode\\\ub530\ub77c\ud558\uba70\ubc30\uc6b0\ub294HTML5_2013_08_31\\01\\2_study\\2_2_2_border\\02_2_border_radius.html": "ASCII"}, {"D:\\demuncode\\\ub530\ub77c\ud558\uba70\ubc30\uc6b0\ub294HTML5_2013_08_31\\01\\2_study\\2_2_2_border\\02_1_border_radius.html": "ASCII"}, {"D:\\demuncode\\\ud504\ub860\ud2b8\uc5d4\ub4dc\uac1c\ubc1c\uc790\ub97c \uc704\ud55c \uc790\ubc14\uc2a4\ud06c\ub9bd\ud2b8\\Ch03\\02_UndefinedExample01.htm": "ASCII"}, {"D:\\demuncode\\\ud504\ub860\ud2b8\uc5d4\ub4dc\uac1c\ubc1c\uc790\ub97c \uc704\ud55c \uc790\ubc14\uc2a4\ud06c\ub9bd\ud2b8\\Ch03\\01_TypeofExample01.htm": "ASCII"}, {"D:\\StartPage\\start.html": "UTF-8"}, {"D:\\grunt-template\\dist\\category1\\page-01.html": "UTF-8"}, {"D:\\grunt-template\\app\\docs\\include\\js.html": "ASCII"}, {"D:\\grunt-template\\app\\docs\\include\\head.html": "ASCII"}, {"D:\\grunt-template\\app\\docs\\html\\category1\\page-02.html": "ASCII"}, {"D:\\grunt-template\\app\\docs\\html\\category1\\page-01.html": "ASCII"}, {"D:\\grunt-template\\app\\less\\site\\site1.less": "ASCII"}, {"D:\\grunt-template\\app\\less\\style.less": "ASCII"}]